Language1, Language2, SimilarityScore, Time
pt, pt, 1.0, 7.224082946777344e-05
pt, en, 0.5739514348785872, 6.031990051269531e-05
pt, sv, 0.5, 2.3603439331054688e-05
pt, union, 0.7180197334256535, 5.9604644775390625e-05
en, en, 1.0, 5.435943603515625e-05
en, sv, 0.5, 2.8848648071289062e-05
en, union, 0.8510451688349656, 6.699562072753906e-05
sv, sv, 1.0, 1.3589859008789062e-05
sv, union, 0.5060240963855421, 3.933906555175781e-05
union, union, 1.0, 7.677078247070312e-05
