Language1, Language2, SimilarityScore, Time
pt, pt, 1.0, 8.130073547363281e-05
pt, en, 0.1556122448979592, 5.841255187988281e-05
pt, sv, 0.0, 2.6226043701171875e-05
pt, union, 0.4377799900447984, 7.009506225585938e-05
en, en, 1.0, 6.246566772460938e-05
en, sv, 0.0, 3.4332275390625e-05
en, union, 0.7025883524141363, 7.510185241699219e-05
sv, sv, 0.5, 1.5020370483398438e-05
sv, union, 0.012195121951219513, 4.4345855712890625e-05
union, union, 1.0, 9.441375732421875e-05
