Language1, Language2, SimilarityScore, Time
it, it, 1.0, 6.818771362304688e-05
it, ru, 1.0, 1.8596649169921875e-05
it, union, 1.0, 1.7642974853515625e-05
ru, ru, 1.0, 1.430511474609375e-05
ru, union, 1.0, 1.430511474609375e-05
union, union, 1.0, 1.4543533325195312e-05
