Language1, Language2, SimilarityScore, Time
it, it, 1.0, 6.461143493652344e-05
it, ru, 1.0, 1.8835067749023438e-05
it, union, 1.0, 2.288818359375e-05
ru, ru, 1.0, 1.3113021850585938e-05
ru, union, 1.0, 1.2636184692382812e-05
union, union, 1.0, 1.2874603271484375e-05
