Language1, Language2, SimilarityScore, Time
it, it, 1.0, 1.5735626220703125e-05
it, ru, 0.0, 1.0013580322265625e-05
ru, ru, 1.0, 9.775161743164062e-06
