Language1, Language2, SimilarityScore, Time
it, it, 1.0, 3.838539123535156e-05
it, ru, 0.6666666666666666, 1.6450881958007812e-05
it, union, 0.8571428571428571, 1.2636184692382812e-05
ru, ru, 1.0, 1.1444091796875e-05
ru, union, 0.8571428571428571, 1.33514404296875e-05
union, union, 1.0, 1.2874603271484375e-05
