Language1, Language2, SimilarityScore, Time
it, it, 0.5, 3.62396240234375e-05
it, ru, 0.0, 1.239776611328125e-05
it, union, 0.25, 1.0967254638671875e-05
ru, ru, 0.5, 9.5367431640625e-06
ru, union, 0.25, 9.5367431640625e-06
union, union, 0.5, 1.0251998901367188e-05
