Language1, Language2, SimilarityScore, Time
it, it, 1.0, 2.2649765014648438e-05
it, ru, 1.0, 8.344650268554688e-06
ru, ru, 1.0, 1.1920928955078125e-05
