Language1, Language2, SimilarityScore, Time
nl, nl, 1.0, 7.581710815429688e-05
nl, en, 1.0, 2.4318695068359375e-05
nl, union, 1.0, 2.1219253540039062e-05
en, en, 1.0, 1.9311904907226562e-05
en, union, 1.0, 1.9788742065429688e-05
union, union, 1.0, 2.0265579223632812e-05
