Language1, Language2, SimilarityScore, Kernel, Time
nl, nl, 1.0, 1.0, 0.00016689300537109375
nl, en, 0.0, 0.0, 0.00016689300537109375
en, en, 1.0, 1.0225000000000009, 0.0001227855682373047
