Language1, Language2, SimilarityScore, Time
nl, nl, 1.0, 6.842613220214844e-05
nl, en, 1.0, 1.7404556274414062e-05
nl, union, 1.0, 1.4543533325195312e-05
en, en, 1.0, 1.2874603271484375e-05
en, union, 1.0, 1.3589859008789062e-05
union, union, 1.0, 1.2874603271484375e-05
