Language1, Language2, SimilarityScore, Time
nl, nl, 1.0, 1.5974044799804688e-05
nl, en, 0.0, 8.821487426757812e-06
en, en, 1.0, 1.049041748046875e-05
