Language1, Language2, SimilarityScore, Time
nl, nl, 1.0, 3.6716461181640625e-05
nl, en, 0.6666666666666666, 1.2159347534179688e-05
nl, union, 0.8, 1.0013580322265625e-05
en, en, 1.0, 8.821487426757812e-06
en, union, 0.9090909090909091, 8.821487426757812e-06
union, union, 1.0, 9.059906005859375e-06
