Language1, Language2, SimilarityScore, Time
nl, nl, 1.0, 0.00022649765014648438
nl, en, 0.0, 4.076957702636719e-05
nl, union, 1.0, 9.751319885253906e-05
en, en, 2.0, 0.00011324882507324219
en, union, 2.0, 0.00010323524475097656
union, union, 3.0, 0.0001327991485595703
