Language1, Language2, SimilarityScore, Time
nl, nl, 1.0, 0.0003185272216796875
nl, en, 0.0, 5.507469177246094e-05
nl, union, 1.0, 0.0001575946807861328
en, en, 0.5, 0.0001385211944580078
en, union, 0.5, 0.00012564659118652344
union, union, 0.3333333333333333, 0.0001518726348876953
