Language1, Language2, SimilarityScore, Time
nl, nl, 1.0, 3.170967102050781e-05
nl, en, 0.0, 1.0251998901367188e-05
nl, union, 0.3333333333333333, 8.58306884765625e-06
en, en, 1.0, 8.106231689453125e-06
en, union, 0.6666666666666666, 7.62939453125e-06
union, union, 1.0, 7.867813110351562e-06
