Language1, Language2, SimilarityScore, Time
nl, nl, 1.0, 2.6941299438476562e-05
nl, en, 1.0, 1.0967254638671875e-05
en, en, 1.0, 1.5974044799804688e-05
