Language1, Language2, SimilarityScore, Time
nl, nl, 0.5, 3.4809112548828125e-05
nl, en, 0.0, 1.239776611328125e-05
nl, union, 0.16666666666666666, 1.0967254638671875e-05
en, en, 0.5, 9.775161743164062e-06
en, union, 0.3333333333333333, 9.775161743164062e-06
union, union, 0.5, 1.0013580322265625e-05
