Language1, Language2, SimilarityScore, Time
pl, pl, 1.0, 0.0014362335205078125
pl, en, 1.0, 0.0001888275146484375
en, en, 1.0, 0.0007956027984619141
