Language1, Language2, SimilarityScore, Kernel, Time
pl, pl, 1.0, 2.574472789214478, 0.022233963012695312
pl, en, 1.0, 1.2450195722459487, 0.000762939453125
en, en, 1.0, 2.1467871456288408, 0.009052515029907227
