Language1, Language2, SimilarityScore, Time
pl, pl, 0.01409839317595715, 0.11736130714416504
pl, en, 0.08340972222222222, 0.00043511390686035156
pl, union, 0.01409839317595715, 0.18097352981567383
en, en, 0.019249630177514795, 0.13851189613342285
en, union, 0.019249630177514795, 0.10395383834838867
union, union, 0.009017936855774693, 0.31600475311279297
