Language1, Language2, SimilarityScore, Time
pl, pl, 1.0, 7.939338684082031e-05
pl, en, 1.0, 1.5974044799804688e-05
en, en, 1.0, 4.482269287109375e-05
