Language1, Language2, SimilarityScore, Time
sv, sv, 1.0, 4.267692565917969e-05
sv, union, 1.0, 1.4781951904296875e-05
union, union, 1.0, 1.1920928955078125e-05
