Language1, Language2, SimilarityScore, Time
sv, sv, 0.5, 4.0531158447265625e-05
sv, union, 0.5, 1.5974044799804688e-05
union, union, 0.5, 1.2159347534179688e-05
