Language1, Language2, SimilarityScore, Time
sv, sv, 1.0, 3.170967102050781e-05
sv, union, 1.0, 1.0728836059570312e-05
union, union, 1.0, 1.0013580322265625e-05
