Language1, Language2, SimilarityScore, Time
en, en, 1.0, 0.00022721290588378906
en, union, 1.0, 0.00017881393432617188
union, union, 1.0, 0.00017118453979492188
