Language1, Language2, SimilarityScore, Time
en, en, 1.0, 0.00025343894958496094
en, union, 1.0, 0.00017333030700683594
union, union, 1.0, 0.00016450881958007812
