Language1, Language2, SimilarityScore, Time
en, en, 1.0, 0.0002541542053222656
en, union, 1.0, 0.0001938343048095703
union, union, 1.0, 0.00018453598022460938
