Language1, Language2, SimilarityScore, Time
es, es, 1.0, 0.00011682510375976562
es, union, 1.0, 7.700920104980469e-05
union, union, 1.0, 7.104873657226562e-05
