Language1, Language2, SimilarityScore, Time
es, es, 1.0, 0.00012135505676269531
es, union, 1.0, 7.176399230957031e-05
union, union, 1.0, 6.866455078125e-05
