Language1, Language2, SimilarityScore, Time
es, es, 1.0, 0.00010180473327636719
es, union, 1.0, 7.081031799316406e-05
union, union, 1.0, 6.556510925292969e-05
