Language1, Language2, SimilarityScore, Kernel, Time
fr, fr, 1.0, 1.0, 0.00013446807861328125
fr, de, 1.0, 1.0, 9.465217590332031e-05
fr, it, 1.0, 1.0, 8.058547973632812e-05
fr, en, 1.0, 1.0, 7.843971252441406e-05
de, de, 1.0, 1.0, 7.43865966796875e-05
de, it, 1.0, 1.0, 7.390975952148438e-05
de, en, 1.0, 1.0, 7.319450378417969e-05
it, it, 1.0, 1.0, 7.343292236328125e-05
it, en, 1.0, 1.0, 7.2479248046875e-05
en, en, 1.0, 1.0, 7.295608520507812e-05
