Language1, Language2, SimilarityScore, Time
fr, fr, 1.0, 0.0002269744873046875
fr, de, 1.0, 0.0001125335693359375
fr, it, 1.0, 0.00010704994201660156
fr, en, 1.0, 9.965896606445312e-05
de, de, 1.0, 0.00014781951904296875
de, it, 1.0, 0.00010442733764648438
de, en, 1.0, 0.00010609626770019531
it, it, 1.0, 0.00010037422180175781
it, en, 1.0, 9.989738464355469e-05
en, en, 1.0, 0.00010228157043457031
