Language1, Language2, SimilarityScore, Time
fr, fr, 0.0, 1.5735626220703125e-05
fr, de, 0.0, 9.5367431640625e-06
fr, it, 0.0, 2.6702880859375e-05
fr, en, 0.0, 1.6927719116210938e-05
de, de, 0.0, 8.344650268554688e-06
de, it, 0.0, 8.344650268554688e-06
de, en, 0.0, 8.106231689453125e-06
it, it, 0.0, 8.106231689453125e-06
it, en, 0.0, 8.344650268554688e-06
en, en, 0.0, 8.58306884765625e-06
