Language1, Language2, SimilarityScore, Time
fr, fr, 1.0, 1.8835067749023438e-05
fr, de, 1.0, 1.3113021850585938e-05
fr, it, 1.0, 1.1682510375976562e-05
fr, en, 1.0, 1.1682510375976562e-05
de, de, 1.0, 1.1444091796875e-05
de, it, 1.0, 1.2159347534179688e-05
de, en, 1.0, 1.1444091796875e-05
it, it, 1.0, 1.0728836059570312e-05
it, en, 1.0, 1.3828277587890625e-05
en, en, 1.0, 8.58306884765625e-06
