Language1, Language2, SimilarityScore, Time
fr, fr, 1.0, 2.1696090698242188e-05
fr, de, 1.0, 1.2159347534179688e-05
fr, it, 1.0, 1.0728836059570312e-05
fr, en, 1.0, 1.0728836059570312e-05
de, de, 1.0, 1.0013580322265625e-05
de, it, 1.0, 1.0013580322265625e-05
de, en, 1.0, 1.0013580322265625e-05
it, it, 1.0, 1.1444091796875e-05
it, en, 1.0, 1.0251998901367188e-05
en, en, 1.0, 9.775161743164062e-06
