Language1, Language2, SimilarityScore, Time
pt, pt, 1.0, 0.00029969215393066406
pt, it, 1.0, 0.00016498565673828125
pt, en, 1.0, 0.00011563301086425781
pt, ru, 1.0, 0.00010037422180175781
it, it, 1.0, 9.441375732421875e-05
it, en, 0.0, 9.441375732421875e-05
it, ru, 0.0, 9.441375732421875e-05
en, en, 1.0, 0.00011301040649414062
en, ru, 1.0, 9.608268737792969e-05
ru, ru, 1.0, 9.584426879882812e-05
