Language1, Language2, SimilarityScore, Time
pt, pt, 0.0, 2.1696090698242188e-05
pt, it, 0.0, 1.3589859008789062e-05
pt, en, 0.0, 1.239776611328125e-05
pt, ru, 0.0, 1.1920928955078125e-05
it, it, 0.0, 1.1920928955078125e-05
it, en, 0.0, 6.67572021484375e-06
it, ru, 0.0, 5.9604644775390625e-06
en, en, 0.0, 1.2159347534179688e-05
en, ru, 0.0, 1.0967254638671875e-05
ru, ru, 0.0, 1.1205673217773438e-05
