Language1, Language2, SimilarityScore, Time
pt, pt, 1.0, 2.6464462280273438e-05
pt, it, 1.0, 1.4781951904296875e-05
pt, en, 1.0, 1.4543533325195312e-05
pt, ru, 1.0, 1.4066696166992188e-05
it, it, 1.0, 1.3828277587890625e-05
it, en, 1.0, 9.5367431640625e-06
it, ru, 1.0, 8.58306884765625e-06
en, en, 1.0, 1.430511474609375e-05
en, ru, 1.0, 1.4066696166992188e-05
ru, ru, 1.0, 1.3589859008789062e-05
