Language1, Language2, SimilarityScore, Time
pt, pt, 1.0, 1.5735626220703125e-05
pt, it, 1.0, 9.775161743164062e-06
pt, en, 1.0, 8.58306884765625e-06
pt, ru, 1.0, 8.58306884765625e-06
it, it, 1.0, 9.059906005859375e-06
it, en, 0.0, 8.821487426757812e-06
it, ru, 0.0, 5.4836273193359375e-06
en, en, 1.0, 9.298324584960938e-06
en, ru, 1.0, 9.059906005859375e-06
ru, ru, 1.0, 8.58306884765625e-06
