Language1, Language2, SimilarityScore, Time
fr, fr, 1.0, 5.626678466796875e-05
fr, de, 1.0, 6.9141387939453125e-06
fr, ml, 0.0, 5.7220458984375e-06
fr, pt, 1.0, 6.9141387939453125e-06
de, de, 1.0, 8.7738037109375e-05
de, ml, 0.0, 4.76837158203125e-06
de, pt, 1.0, 7.3909759521484375e-06
ml, ml, 1.0, 5.7220458984375e-06
ml, pt, 0.0, 3.814697265625e-06
pt, pt, 1.0, 5.888938903808594e-05
