Language1, Language2, SimilarityScore, Time
fr, fr, 1.0, 6.031990051269531e-05
fr, de, 1.0, 8.821487426757812e-06
fr, ml, 1.0, 5.245208740234375e-06
fr, pt, 1.0, 7.3909759521484375e-06
de, de, 1.0, 9.107589721679688e-05
de, ml, 1.0, 5.4836273193359375e-06
de, pt, 1.0, 8.106231689453125e-06
ml, ml, 1.0, 6.67572021484375e-06
ml, pt, 1.0, 4.5299530029296875e-06
pt, pt, 1.0, 6.103515625e-05
