Language1, Language2, SimilarityScore, Time
de, de, 1.0, 0.0002243518829345703
de, pt, 1.0, 0.00012087821960449219
de, en, 1.0, 0.00010800361633300781
de, ru, 1.0, 0.00010371208190917969
pt, pt, 1.0, 0.00011658668518066406
pt, en, 1.0, 0.00018787384033203125
pt, ru, 1.0, 0.00010919570922851562
en, en, 1.0, 9.870529174804688e-05
en, ru, 1.0, 9.751319885253906e-05
ru, ru, 1.0, 0.00011444091796875
