Language1, Language2, SimilarityScore, Time
de, de, 1.0, 2.7418136596679688e-05
de, pt, 1.0, 1.71661376953125e-05
de, en, 1.0, 1.430511474609375e-05
de, ru, 1.0, 1.5020370483398438e-05
pt, pt, 1.0, 1.3828277587890625e-05
pt, en, 1.0, 1.4066696166992188e-05
pt, ru, 1.0, 1.3589859008789062e-05
en, en, 1.0, 1.3828277587890625e-05
en, ru, 1.0, 1.4066696166992188e-05
ru, ru, 1.0, 1.3589859008789062e-05
