Language1, Language2, SimilarityScore, Time
en, en, 1.0, 7.700920104980469e-05
en, union, 1.0, 2.09808349609375e-05
union, union, 1.0, 1.5974044799804688e-05
