Language1, Language2, SimilarityScore, Time
en, en, 1.0, 5.435943603515625e-05
en, union, 1.0, 2.0265579223632812e-05
union, union, 1.0, 1.8596649169921875e-05
