Language1, Language2, SimilarityScore, Time
en, en, 1.0, 5.245208740234375e-05
en, union, 1.0, 2.0742416381835938e-05
union, union, 1.0, 1.7642974853515625e-05
