Language1, Language2, SimilarityScore, Time
en, en, 0.16680555555555554, 0.0003247261047363281
en, union, 0.16680555555555554, 0.00016188621520996094
union, union, 0.16680555555555554, 0.00015497207641601562
