Language1, Language2, SimilarityScore, Time
en, en, 6.004999999999999, 0.00037789344787597656
en, union, 6.004999999999999, 0.0001957416534423828
union, union, 6.004999999999999, 0.000164031982421875
