Language1, Language2, SimilarityScore, Time
sv, sv, 1.0, 6.0558319091796875e-05
sv, union, 1.0, 1.71661376953125e-05
union, union, 1.0, 1.33514404296875e-05
