Language1, Language2, SimilarityScore, Time
sv, sv, 1.0, 6.270408630371094e-05
sv, union, 1.0, 1.71661376953125e-05
union, union, 1.0, 1.4066696166992188e-05
