Language1, Language2, SimilarityScore, Time
sv, sv, 1.0, 0.0002429485321044922
sv, union, 1.0, 0.00011110305786132812
union, union, 1.0, 0.00010418891906738281
