Language1, Language2, SimilarityScore, Time
sv, sv, 1.0, 4.744529724121094e-05
sv, union, 1.0, 1.2874603271484375e-05
union, union, 1.0, 9.775161743164062e-06
