Language1, Language2, SimilarityScore, Time
sv, sv, 1.0, 0.00025653839111328125
sv, union, 1.0, 0.00011730194091796875
union, union, 1.0, 0.00010800361633300781
