Language1, Language2, SimilarityScore, Time
sv, sv, 1.0, 3.62396240234375e-05
sv, union, 1.0, 1.2874603271484375e-05
union, union, 1.0, 1.0251998901367188e-05
