Language1, Language2, SimilarityScore, Time
nl, nl, 1.0, 8.96453857421875e-05
nl, en, 0.006944444444444444, 6.222724914550781e-05
nl, union, 0.39583333333333337, 7.963180541992188e-05
en, en, 1.0, 6.651878356933594e-05
en, union, 0.6111111111111112, 8.320808410644531e-05
union, union, 1.0, 0.00010204315185546875
