Language1, Language2, SimilarityScore, Time
nl, nl, 1.0, 4.8160552978515625e-05
nl, en, 1.0, 8.344650268554688e-06
en, en, 1.0, 4.863739013671875e-05
