Language1, Language2, SimilarityScore, Time
nl, nl, 1.0, 4.458427429199219e-05
nl, en, 0.0, 7.867813110351562e-06
en, en, 1.0, 4.76837158203125e-05
