Language1, Language2, SimilarityScore, Time
nl, nl, 1.0, 0.000110626220703125
nl, en, 0.503448275862069, 6.842613220214844e-05
nl, union, 0.6978993919292427, 8.606910705566406e-05
en, en, 1.0, 7.462501525878906e-05
en, union, 0.8055555555555556, 9.369850158691406e-05
union, union, 1.0, 0.00011277198791503906
