Language1, Language2, SimilarityScore, Time
nl, nl, 1.0, 7.700920104980469e-05
nl, en, 0.013888888888888888, 5.555152893066406e-05
nl, union, 0.4027777777777778, 6.794929504394531e-05
en, en, 1.0, 5.745887756347656e-05
en, union, 0.6111111111111112, 7.128715515136719e-05
union, union, 1.0, 8.58306884765625e-05
