Language1, Language2, SimilarityScore, Time
de, de, 1.0, 3.62396240234375e-05
de, da, 1.0, 1.7881393432617188e-05
de, union, 1.0, 1.4543533325195312e-05
da, da, 1.0, 1.33514404296875e-05
da, union, 1.0, 1.33514404296875e-05
union, union, 1.0, 1.2874603271484375e-05
