Language1, Language2, SimilarityScore, Time
de, de, 1.0, 0.0002205371856689453
de, da, 0.0, 0.0002205371856689453
da, da, 1.0, 0.00011610984802246094
