Language1, Language2, SimilarityScore, Time
de, de, 1.0, 3.504753112792969e-05
de, da, 0.6666666666666666, 1.239776611328125e-05
de, union, 0.8571428571428571, 1.0728836059570312e-05
da, da, 1.0, 9.059906005859375e-06
da, union, 0.8571428571428571, 9.298324584960938e-06
union, union, 1.0, 9.059906005859375e-06
