Language1, Language2, SimilarityScore, Time
de, de, 1.0, 1.4781951904296875e-05
de, da, 0.0, 8.106231689453125e-06
da, da, 1.0, 8.58306884765625e-06
