Language1, Language2, SimilarityScore, Time
de, de, 1.0, 2.2411346435546875e-05
de, da, 1.0, 9.775161743164062e-06
da, da, 1.0, 1.6689300537109375e-05
