Language1, Language2, SimilarityScore, Time
de, de, 1.0, 3.504753112792969e-05
de, da, 0.0, 1.2636184692382812e-05
de, union, 0.5, 1.049041748046875e-05
da, da, 1.0, 9.5367431640625e-06
da, union, 0.5, 9.298324584960938e-06
union, union, 1.0, 8.344650268554688e-06
