Language1, Language2, SimilarityScore, Time
de, de, 0.0, 2.1219253540039062e-05
de, da, 0.0, 7.62939453125e-06
da, da, 0.0, 1.0728836059570312e-05
