Language1, Language2, SimilarityScore, Time
en, en, 1.0, 5.91278076171875e-05
en, union, 1.0, 1.6689300537109375e-05
union, union, 1.0, 1.3828277587890625e-05
