Language1, Language2, SimilarityScore, Time
en, en, 1.0, 4.172325134277344e-05
en, union, 1.0, 1.9311904907226562e-05
union, union, 1.0, 1.621246337890625e-05
