Language1, Language2, SimilarityScore, Time
en, en, 0.5, 3.528594970703125e-05
en, union, 0.5, 1.33514404296875e-05
union, union, 0.5, 1.0013580322265625e-05
