Language1, Language2, SimilarityScore, Time
en, en, 1.0, 0.0002624988555908203
en, union, 1.0, 0.00011897087097167969
union, union, 1.0, 0.00011181831359863281
