Language1, Language2, SimilarityScore, Time
en, en, 1.0, 4.1484832763671875e-05
en, union, 1.0, 1.4543533325195312e-05
union, union, 1.0, 1.1682510375976562e-05
