Language1, Language2, SimilarityScore, Time
en, en, 1.0, 0.0002148151397705078
en, union, 1.0, 0.00010824203491210938
union, union, 1.0, 0.00010037422180175781
