Language1, Language2, SimilarityScore, Time
en, en, 1.0, 3.075599670410156e-05
en, union, 1.0, 1.1205673217773438e-05
union, union, 1.0, 8.58306884765625e-06
