Language1, Language2, SimilarityScore, Time
nl, nl, 1.0, 0.00010848045349121094
nl, ja, 0.0, 1.3113021850585938e-05
nl, en, 1.0, 2.8133392333984375e-05
nl, zh, 0.0, 1.1682510375976562e-05
ja, ja, 0.0, 1.0251998901367188e-05
ja, en, 0.0, 1.1920928955078125e-05
ja, zh, 0.0, 9.5367431640625e-06
en, en, 1.0, 0.0002560615539550781
en, zh, 0.0, 1.2874603271484375e-05
zh, zh, 0.0, 1.0251998901367188e-05
