Language1, Language2, SimilarityScore, Time
nl, nl, 1.0, 0.00010061264038085938
nl, ja, 1.0, 1.5020370483398438e-05
nl, en, 1.0, 2.86102294921875e-05
nl, zh, 1.0, 1.3113021850585938e-05
ja, ja, 1.0, 1.239776611328125e-05
ja, en, 1.0, 1.33514404296875e-05
ja, zh, 1.0, 1.1920928955078125e-05
en, en, 1.0, 0.00024700164794921875
en, zh, 1.0, 1.4781951904296875e-05
zh, zh, 1.0, 1.2636184692382812e-05
