Language1, Language2, SimilarityScore, Time
nl, nl, 1.0, 0.00011301040649414062
nl, ja, 1.0, 1.239776611328125e-05
nl, en, 1.0, 3.123283386230469e-05
nl, zh, 1.0, 1.1444091796875e-05
ja, ja, 1.0, 1.0013580322265625e-05
ja, en, 1.0, 1.2159347534179688e-05
ja, zh, 1.0, 9.775161743164062e-06
en, en, 1.0, 0.00028777122497558594
en, zh, 1.0, 1.2636184692382812e-05
zh, zh, 1.0, 1.0251998901367188e-05
