Language1, Language2, SimilarityScore, Time
zh, zh, 1.0, 7.128715515136719e-05
zh, union, 1.0, 2.1219253540039062e-05
union, union, 1.0, 1.8835067749023438e-05
