Language1, Language2, SimilarityScore, Time
zh, zh, 1.0, 6.079673767089844e-05
zh, union, 1.0, 1.5735626220703125e-05
union, union, 1.0, 1.2874603271484375e-05
