Language1, Language2, SimilarityScore, Time
zh, zh, 1.0, 0.0002777576446533203
zh, union, 1.0, 0.00012493133544921875
union, union, 1.0, 0.00011277198791503906
