Language1, Language2, SimilarityScore, Time
zh, zh, 0.5, 4.267692565917969e-05
zh, union, 0.5, 1.5020370483398438e-05
union, union, 0.5, 1.1920928955078125e-05
