Language1, Language2, SimilarityScore, Time
zh, zh, 1.0, 3.9577484130859375e-05
zh, union, 1.0, 1.430511474609375e-05
union, union, 1.0, 1.1920928955078125e-05
