Language1, Language2, SimilarityScore, Time
es, es, 1.0, 0.0022134780883789062
es, en, 1.0, 0.00011968612670898438
en, en, 1.0, 9.918212890625e-05
