Language1, Language2, SimilarityScore, Time
es, es, 1.0, 0.0001838207244873047
es, en, 0.005952380952380952, 6.103515625e-05
es, union, 1.0, 0.00012564659118652344
en, en, 0.5, 1.4543533325195312e-05
en, union, 0.005952380952380952, 5.745887756347656e-05
union, union, 1.0, 0.00011706352233886719
