Language1, Language2, SimilarityScore, Time
es, es, 1.0, 0.0001857280731201172
es, en, 1.0, 1.6927719116210938e-05
en, en, 1.0, 1.1920928955078125e-05
