Language1, Language2, SimilarityScore, Time
es, es, 1.0, 9.751319885253906e-05
es, en, 1.0, 1.0013580322265625e-05
en, en, 1.0, 5.4836273193359375e-06
