Language1, Language2, SimilarityScore, Time
es, es, 1.0, 0.0001709461212158203
es, en, 0.0, 1.2159347534179688e-05
en, en, 0.0, 1.0013580322265625e-05
