Language1, Language2, SimilarityScore, Time
pt, pt, 1.0, 0.0001068115234375
pt, it, 1.0, 6.4373016357421875e-06
pt, en, 1.0, 7.534027099609375e-05
pt, ru, 1.0, 6.4373016357421875e-06
it, it, 1.0, 5.4836273193359375e-06
it, en, 0.0, 5.0067901611328125e-06
it, ru, 0.0, 3.5762786865234375e-06
en, en, 1.0, 0.00013327598571777344
en, ru, 1.0, 6.67572021484375e-06
ru, ru, 1.0, 5.4836273193359375e-06
