Language1, Language2, SimilarityScore, Time
pt, pt, 1.0, 0.00011682510375976562
pt, it, 1.0, 9.775161743164062e-06
pt, en, 1.0, 8.7738037109375e-05
pt, ru, 1.0, 8.58306884765625e-06
it, it, 1.0, 7.3909759521484375e-06
it, en, 1.0, 5.245208740234375e-06
it, ru, 1.0, 4.5299530029296875e-06
en, en, 1.0, 0.00015854835510253906
en, ru, 1.0, 9.298324584960938e-06
ru, ru, 1.0, 7.867813110351562e-06
