Language1, Language2, SimilarityScore, Time
pt, pt, 1.0, 0.00011587142944335938
pt, it, 0.0, 8.58306884765625e-06
pt, en, 1.0, 8.392333984375e-05
pt, ru, 0.0, 7.3909759521484375e-06
it, it, 0.0, 5.9604644775390625e-06
it, en, 0.0, 3.5762786865234375e-06
it, ru, 0.0, 3.0994415283203125e-06
en, en, 1.0, 0.00015807151794433594
en, ru, 0.0, 7.3909759521484375e-06
ru, ru, 0.0, 5.9604644775390625e-06
