Language1, Language2, SimilarityScore, Time
en, en, 1.0, 7.152557373046875e-05
en, union, 1.0, 2.1696090698242188e-05
union, union, 1.0, 1.52587890625e-05
