Language1, Language2, SimilarityScore, Time
en, en, 1.0, 5.817413330078125e-05
en, union, 1.0, 2.2172927856445312e-05
union, union, 1.0, 1.7404556274414062e-05
