Language1, Language2, SimilarityScore, Kernel, Time
en, en, 1.0, 1.0225000000000009, 0.00019097328186035156
