Language1, Language2, SimilarityScore, Time
en, en, 1.0, 4.291534423828125e-05
en, union, 1.0, 1.2159347534179688e-05
union, union, 1.0, 9.059906005859375e-06
