Language1, Language2, SimilarityScore, Time
en, en, 2.0, 0.0043027400970458984
en, union, 2.0, 0.00015044212341308594
union, union, 2.0, 0.00013446807861328125
