Language1, Language2, SimilarityScore, Time
en, en, 1.0, 6.651878356933594e-05
en, union, 1.0, 1.71661376953125e-05
union, union, 1.0, 1.3589859008789062e-05
