Language1, Language2, SimilarityScore, Time
en, en, 1.0, 4.0531158447265625e-05
en, union, 1.0, 1.3589859008789062e-05
union, union, 1.0, 1.0728836059570312e-05
