Language1, Language2, SimilarityScore, Time
en, en, 1.0, 0.0002598762512207031
en, union, 1.0, 0.00011730194091796875
union, union, 1.0, 0.00010991096496582031
