Language1, Language2, SimilarityScore, Time
en, en, 0.5, 3.838539123535156e-05
en, union, 0.5, 1.4066696166992188e-05
union, union, 0.5, 1.0967254638671875e-05
