Language1, Language2, SimilarityScore, Time
en, en, 1.0, 2.5033950805664062e-05
en, union, 1.0, 7.62939453125e-06
union, union, 1.0, 4.76837158203125e-06
