Language1, Language2, SimilarityScore, Time
en, en, 1.0, 0.0002994537353515625
en, union, 1.0, 0.00022411346435546875
union, union, 1.0, 0.00011658668518066406
