Language1, Language2, SimilarityScore, Time
es, es, 1.0, 6.747245788574219e-05
es, en, 0.6261380323054332, 5.6743621826171875e-05
es, union, 0.7338345864661655, 6.151199340820312e-05
en, en, 1.0, 6.580352783203125e-05
en, union, 0.891588785046729, 6.985664367675781e-05
union, union, 1.0, 8.20159912109375e-05
