Language1, Language2, SimilarityScore, Time
es, es, 1.0, 4.029273986816406e-05
es, en, 1.0, 2.5272369384765625e-05
en, en, 1.0, 6.604194641113281e-05
