Language1, Language2, SimilarityScore, Time
es, es, 1.0, 4.1484832763671875e-05
es, en, 0.4666666666666667, 2.5033950805664062e-05
en, en, 1.0, 6.914138793945312e-05
