Language1, Language2, SimilarityScore, Time
es, es, 1.0, 4.8160552978515625e-05
es, en, 0.8461538461538461, 3.123283386230469e-05
en, en, 1.0, 8.058547973632812e-05
