Language1, Language2, SimilarityScore, Time
es, es, 1.0, 6.699562072753906e-05
es, en, 0.36666666666666664, 4.863739013671875e-05
es, union, 0.6, 5.1975250244140625e-05
en, en, 1.0, 5.364418029785156e-05
en, union, 0.7666666666666667, 6.079673767089844e-05
union, union, 1.0, 8.463859558105469e-05
