Language1, Language2, SimilarityScore, Time
es, es, 1.0, 6.246566772460938e-05
es, en, 0.26111111111111107, 5.2928924560546875e-05
es, union, 0.47777777777777775, 5.435943603515625e-05
en, en, 1.0, 5.984306335449219e-05
en, union, 0.7833333333333334, 6.747245788574219e-05
union, union, 1.0, 7.390975952148438e-05
