Language1, Language2, SimilarityScore, Kernel, Time
de, de, 1.0, 1.0, 0.00014853477478027344
de, sv, 1.0, 1.0, 6.937980651855469e-05
sv, sv, 1.0, 1.0, 6.29425048828125e-05
