Language1, Language2, SimilarityScore, Time
de, de, 1.0, 6.985664367675781e-05
de, sv, 1.0, 1.9311904907226562e-05
de, union, 1.0, 1.6450881958007812e-05
sv, sv, 1.0, 1.430511474609375e-05
sv, union, 1.0, 1.4066696166992188e-05
union, union, 1.0, 1.3589859008789062e-05
