Language1, Language2, SimilarityScore, Time
de, de, 1.0, 0.00023698806762695312
de, sv, 1.0, 0.00010776519775390625
sv, sv, 1.0, 9.775161743164062e-05
