Language1, Language2, SimilarityScore, Time
de, de, 1.0, 5.936622619628906e-05
de, sv, 1.0, 1.7404556274414062e-05
de, union, 1.0, 1.4543533325195312e-05
sv, sv, 1.0, 1.3828277587890625e-05
sv, union, 1.0, 1.3589859008789062e-05
union, union, 1.0, 1.3113021850585938e-05
