Language1, Language2, SimilarityScore, Time
de, de, 1.0, 2.2172927856445312e-05
de, sv, 1.0, 1.3828277587890625e-05
sv, sv, 1.0, 1.1920928955078125e-05
