Language1, Language2, SimilarityScore, Time
de, de, 1.0, 3.170967102050781e-05
de, sv, 1.0, 1.1444091796875e-05
de, union, 1.0, 8.344650268554688e-06
sv, sv, 1.0, 8.106231689453125e-06
sv, union, 1.0, 7.867813110351562e-06
union, union, 1.0, 7.867813110351562e-06
