Language1, Language2, SimilarityScore, Time
de, de, 0.5, 3.552436828613281e-05
de, sv, 0.5, 1.3589859008789062e-05
de, union, 0.5, 1.049041748046875e-05
sv, sv, 0.5, 1.0013580322265625e-05
sv, union, 0.5, 9.5367431640625e-06
union, union, 0.5, 9.775161743164062e-06
