Language1, Language2, SimilarityScore, Time
de, de, 1.0, 4.57763671875e-05
de, sv, 1.0, 1.6450881958007812e-05
de, union, 1.0, 1.3828277587890625e-05
sv, sv, 1.0, 1.1920928955078125e-05
sv, union, 1.0, 1.1444091796875e-05
union, union, 1.0, 1.1682510375976562e-05
