Language1, Language2, SimilarityScore, Time
de, de, 1.0, 0.0002677440643310547
de, sv, 1.0, 0.0001125335693359375
de, union, 1.0, 0.00010418891906738281
sv, sv, 1.0, 9.989738464355469e-05
sv, union, 1.0, 9.965896606445312e-05
union, union, 1.0, 9.799003601074219e-05
