Language1, Language2, SimilarityScore, Time
de, de, 0.0, 2.1696090698242188e-05
de, sv, 0.0, 1.33514404296875e-05
sv, sv, 0.0, 1.239776611328125e-05
