Language1, Language2, SimilarityScore, Time
es, es, 1.0, 0.0002110004425048828
es, de, 0.0, 0.0002110004425048828
de, de, 1.0, 0.00011229515075683594
