Language1, Language2, SimilarityScore, Time
es, es, 1.0, 5.626678466796875e-05
es, de, 1.0, 1.7642974853515625e-05
es, union, 1.0, 1.4543533325195312e-05
de, de, 1.0, 1.3828277587890625e-05
de, union, 1.0, 1.33514404296875e-05
union, union, 1.0, 1.2874603271484375e-05
