Language1, Language2, SimilarityScore, Time
es, es, 1.0, 1.5020370483398438e-05
es, de, 0.0, 8.344650268554688e-06
de, de, 1.0, 9.5367431640625e-06
