Language1, Language2, SimilarityScore, Time
es, es, 1.0, 3.4809112548828125e-05
es, de, 0.0, 1.1920928955078125e-05
es, union, 0.5, 1.0013580322265625e-05
de, de, 1.0, 1.1205673217773438e-05
de, union, 0.5, 1.049041748046875e-05
union, union, 1.0, 8.821487426757812e-06
