Language1, Language2, SimilarityScore, Time
es, es, 0.5, 3.528594970703125e-05
es, de, 0.0, 1.1444091796875e-05
es, union, 0.25, 1.0251998901367188e-05
de, de, 0.5, 9.298324584960938e-06
de, union, 0.25, 9.5367431640625e-06
union, union, 0.5, 9.059906005859375e-06
