Language1, Language2, SimilarityScore, Time
es, es, 1.0, 3.600120544433594e-05
es, de, 0.6666666666666666, 1.3589859008789062e-05
es, union, 0.8571428571428571, 1.2159347534179688e-05
de, de, 1.0, 1.049041748046875e-05
de, union, 0.8571428571428571, 1.049041748046875e-05
union, union, 1.0, 9.775161743164062e-06
