Language1, Language2, SimilarityScore, Time
es, es, 0.0, 1.9311904907226562e-05
es, de, 0.0, 9.059906005859375e-06
de, de, 0.0, 1.1205673217773438e-05
