Language1, Language2, SimilarityScore, Time
es, es, 1.0, 4.2438507080078125e-05
es, de, 1.0, 8.58306884765625e-06
de, de, 1.0, 1.1920928955078125e-05
