Language1, Language2, SimilarityScore, Kernel, Time
id, id, 1.0, 2.079245296907104, 0.008042097091674805
id, fr, 0.0, 0.0, 0.008042097091674805
fr, fr, 1.0, 1.0, 8.630752563476562e-05
