Language1, Language2, SimilarityScore, Time
id, id, 1.0, 0.00011277198791503906
id, fr, 0.0, 4.220008850097656e-05
id, union, 0.98, 7.200241088867188e-05
fr, fr, 1.0, 1.0251998901367188e-05
fr, union, 0.02, 3.719329833984375e-05
union, union, 1.0, 6.67572021484375e-05
