Language1, Language2, SimilarityScore, Time
id, id, 1.0, 0.00010013580322265625
id, fr, 0.0, 7.62939453125e-06
fr, fr, 1.0, 1.0728836059570312e-05
