Language1, Language2, SimilarityScore, Time
id, id, 1.0, 0.00010442733764648438
id, fr, 1.0, 9.5367431640625e-06
fr, fr, 1.0, 1.1682510375976562e-05
