Language1, Language2, SimilarityScore, Time
id, id, 1.0, 0.00011467933654785156
id, fr, 0.0, 3.790855407714844e-05
id, union, 0.99, 6.771087646484375e-05
fr, fr, 0.5, 1.4066696166992188e-05
fr, union, 0.01, 3.409385681152344e-05
union, union, 1.0, 6.437301635742188e-05
