Language1, Language2, SimilarityScore, Time
id, id, 1.0, 0.00010395050048828125
id, fr, 0.0, 7.3909759521484375e-06
fr, fr, 0.0, 1.1205673217773438e-05
