Language1, Language2, SimilarityScore, Time
de, de, 1.0, 0.00021076202392578125
de, en, 1.0, 0.00010371208190917969
de, zh, 1.0, 9.799003601074219e-05
en, en, 1.0, 9.5367431640625e-05
en, zh, 1.0, 9.965896606445312e-05
zh, zh, 1.0, 0.00010609626770019531
