Language1, Language2, SimilarityScore, Time
de, de, 1.0, 6.127357482910156e-05
de, en, 1.0, 1.9311904907226562e-05
de, zh, 1.0, 2.0503997802734375e-05
de, union, 1.0, 1.52587890625e-05
en, en, 1.0, 1.52587890625e-05
en, zh, 1.0, 1.52587890625e-05
en, union, 1.0, 1.430511474609375e-05
zh, zh, 1.0, 1.5020370483398438e-05
zh, union, 1.0, 1.4543533325195312e-05
union, union, 1.0, 1.6450881958007812e-05
