Language1, Language2, SimilarityScore, Time
de, de, 1.0, 6.580352783203125e-05
de, en, 1.0, 1.6689300537109375e-05
de, zh, 1.0, 1.2874603271484375e-05
de, union, 1.0, 1.2159347534179688e-05
en, en, 1.0, 1.3113021850585938e-05
en, zh, 1.0, 1.2159347534179688e-05
en, union, 1.0, 1.2874603271484375e-05
zh, zh, 1.0, 1.239776611328125e-05
zh, union, 1.0, 1.2159347534179688e-05
union, union, 1.0, 1.1682510375976562e-05
