Language1, Language2, SimilarityScore, Time
de, de, 1.0, 0.00025653839111328125
de, en, 1.0, 0.00011205673217773438
de, zh, 1.0, 0.00010204315185546875
de, union, 1.0, 9.72747802734375e-05
en, en, 1.0, 9.465217590332031e-05
en, zh, 1.0, 9.417533874511719e-05
en, union, 1.0, 9.369850158691406e-05
zh, zh, 1.0, 9.202957153320312e-05
zh, union, 1.0, 9.250640869140625e-05
union, union, 1.0, 9.107589721679688e-05
