Language1, Language2, SimilarityScore, Time
de, de, 1.0, 4.172325134277344e-05
de, en, 1.0, 1.5020370483398438e-05
de, zh, 1.0, 1.3828277587890625e-05
de, union, 1.0, 1.3113021850585938e-05
en, en, 1.0, 1.239776611328125e-05
en, zh, 1.0, 1.2159347534179688e-05
en, union, 1.0, 1.239776611328125e-05
zh, zh, 1.0, 1.2159347534179688e-05
zh, union, 1.0, 1.239776611328125e-05
union, union, 1.0, 1.239776611328125e-05
