Language1, Language2, SimilarityScore, Time
de, de, 1.0, 1.5974044799804688e-05
de, en, 1.0, 9.5367431640625e-06
de, zh, 1.0, 9.5367431640625e-06
en, en, 1.0, 9.5367431640625e-06
en, zh, 1.0, 8.58306884765625e-06
zh, zh, 1.0, 8.58306884765625e-06
