Language1, Language2, SimilarityScore, Time
de, de, 1.0, 0.0002734661102294922
de, en, 1.0, 0.00012254714965820312
de, zh, 1.0, 0.00010919570922851562
de, union, 1.0, 0.00011348724365234375
en, en, 1.0, 0.00010704994201660156
en, zh, 1.0, 0.00013113021850585938
en, union, 1.0, 0.00010323524475097656
zh, zh, 1.0, 0.00010418891906738281
zh, union, 1.0, 0.00010156631469726562
union, union, 1.0, 0.00010848045349121094
