Language1, Language2, SimilarityScore, Time
de, de, 0.5, 3.552436828613281e-05
de, en, 0.5, 1.3113021850585938e-05
de, zh, 0.5, 1.0967254638671875e-05
de, union, 0.5, 1.0251998901367188e-05
en, en, 0.5, 9.775161743164062e-06
en, zh, 0.5, 9.5367431640625e-06
en, union, 0.5, 9.5367431640625e-06
zh, zh, 0.5, 9.298324584960938e-06
zh, union, 0.5, 9.775161743164062e-06
union, union, 0.5, 9.298324584960938e-06
