Language1, Language2, SimilarityScore, Time
de, de, 1.0, 2.8848648071289062e-05
de, en, 1.0, 1.6927719116210938e-05
de, zh, 1.0, 1.1444091796875e-05
en, en, 1.0, 1.430511474609375e-05
en, zh, 1.0, 1.430511474609375e-05
zh, zh, 1.0, 1.430511474609375e-05
