Language1, Language2, SimilarityScore, Time
de, de, 0.0, 2.0503997802734375e-05
de, en, 0.0, 1.33514404296875e-05
de, zh, 0.0, 1.3113021850585938e-05
en, en, 0.0, 1.1920928955078125e-05
en, zh, 0.0, 1.239776611328125e-05
zh, zh, 0.0, 1.1920928955078125e-05
