Language1, Language2, SimilarityScore, Time
de, de, 1.0, 3.170967102050781e-05
de, en, 1.0, 1.2159347534179688e-05
de, zh, 1.0, 1.0967254638671875e-05
de, union, 1.0, 9.5367431640625e-06
en, en, 1.0, 9.298324584960938e-06
en, zh, 1.0, 1.1444091796875e-05
en, union, 1.0, 9.298324584960938e-06
zh, zh, 1.0, 9.298324584960938e-06
zh, union, 1.0, 9.059906005859375e-06
union, union, 1.0, 8.821487426757812e-06
