Language1, Language2, SimilarityScore, Time
en, en, 1.0, 6.413459777832031e-05
en, union, 1.0, 1.811981201171875e-05
union, union, 1.0, 1.4066696166992188e-05
