Language1, Language2, SimilarityScore, Time
en, en, 1.0, 5.4836273193359375e-05
en, union, 1.0, 1.71661376953125e-05
union, union, 1.0, 1.3828277587890625e-05
