Language1, Language2, SimilarityScore, Time
en, en, 1.0, 0.00029587745666503906
en, union, 1.0, 0.00013327598571777344
union, union, 1.0, 0.00012373924255371094
