Language1, Language2, SimilarityScore, Time
en, en, 1.0, 5.435943603515625e-05
en, union, 1.0, 1.33514404296875e-05
union, union, 1.0, 1.0251998901367188e-05
