Language1, Language2, SimilarityScore, Time
en, en, 1.0, 3.1948089599609375e-05
en, union, 1.0, 1.1682510375976562e-05
union, union, 1.0, 9.298324584960938e-06
