Language1, Language2, SimilarityScore, Time
en, en, 0.5, 3.62396240234375e-05
en, union, 0.5, 1.1920928955078125e-05
union, union, 0.5, 9.059906005859375e-06
