Language1, Language2, SimilarityScore, Time
en, en, 1.0, 0.00025010108947753906
en, union, 1.0, 0.00010943412780761719
union, union, 1.0, 0.00010132789611816406
