Language1, Language2, SimilarityScore, Kernel, Time
en, en, 1.0, 3.0470908518073423, 0.05283808708190918
