Language1, Language2, SimilarityScore, Time
en, en, 1.0, 0.0002086162567138672
en, union, 1.0, 0.00017833709716796875
union, union, 1.0, 0.00014400482177734375
