Language1, Language2, SimilarityScore, Time
en, en, 1.0, 0.0001747608184814453
en, union, 1.0, 0.00011444091796875
union, union, 1.0, 0.00010776519775390625
