Language1, Language2, SimilarityScore, Time
en, en, 1.0, 0.00020813941955566406
en, union, 1.0, 0.00015044212341308594
union, union, 1.0, 0.00014328956604003906
