Language1, Language2, SimilarityScore, Time
es, es, 1.0, 7.605552673339844e-05
es, union, 1.0, 4.0531158447265625e-05
union, union, 1.0, 3.528594970703125e-05
