Language1, Language2, SimilarityScore, Time
es, es, 1.0, 7.867813110351562e-05
es, union, 1.0, 4.649162292480469e-05
union, union, 1.0, 4.315376281738281e-05
