Language1, Language2, SimilarityScore, Time
de, de, 1.0, 4.863739013671875e-05
de, da, 0.5, 6.29425048828125e-05
de, union, 0.5042735042735043, 4.458427429199219e-05
da, da, 1.0, 8.916854858398438e-05
da, union, 0.9956709956709957, 7.963180541992188e-05
union, union, 1.0, 7.843971252441406e-05
