Language1, Language2, SimilarityScore, Time
de, de, 0.5, 3.4332275390625e-05
de, da, 0.0, 5.7220458984375e-05
de, union, 0.008620689655172414, 4.029273986816406e-05
da, da, 1.0, 8.320808410644531e-05
da, union, 0.9913793103448276, 7.200241088867188e-05
union, union, 1.0, 7.05718994140625e-05
