Language1, Language2, SimilarityScore, Time
de, de, 1.0, 3.170967102050781e-05
de, da, 0.0, 6.0558319091796875e-05
de, union, 0.017241379310344827, 4.363059997558594e-05
da, da, 1.0, 8.20159912109375e-05
da, union, 0.9827586206896551, 7.462501525878906e-05
union, union, 1.0, 7.343292236328125e-05
