Language1, Language2, SimilarityScore, Time
fr, fr, 1.0, 5.9604644775390625e-05
fr, en, 1.0, 1.7404556274414062e-05
fr, union, 1.0, 1.430511474609375e-05
en, en, 1.0, 1.5020370483398438e-05
en, union, 1.0, 1.4543533325195312e-05
union, union, 1.0, 1.3113021850585938e-05
