Language1, Language2, SimilarityScore, Time
fr, fr, 1.0, 5.7697296142578125e-05
fr, en, 1.0, 1.52587890625e-05
fr, union, 1.0, 1.430511474609375e-05
en, en, 1.0, 1.2636184692382812e-05
en, union, 1.0, 1.1205673217773438e-05
union, union, 1.0, 1.0728836059570312e-05
