Language1, Language2, SimilarityScore, Time
fr, fr, 1.0, 0.0002627372741699219
fr, en, 1.0, 0.00015211105346679688
en, en, 1.0, 0.00013375282287597656
