Language1, Language2, SimilarityScore, Time
fr, fr, 1.0, 3.123283386230469e-05
fr, en, 1.0, 1.1682510375976562e-05
fr, union, 1.0, 9.059906005859375e-06
en, en, 1.0, 8.821487426757812e-06
en, union, 1.0, 8.58306884765625e-06
union, union, 1.0, 9.059906005859375e-06
