Language1, Language2, SimilarityScore, Time
fr, fr, 1.0, 3.790855407714844e-05
fr, en, 1.0, 1.4066696166992188e-05
fr, union, 1.0, 1.1682510375976562e-05
en, en, 1.0, 1.049041748046875e-05
en, union, 1.0, 1.049041748046875e-05
union, union, 1.0, 1.0013580322265625e-05
