Language1, Language2, SimilarityScore, Time
fr, fr, 1.0, 1.5497207641601562e-05
fr, en, 1.0, 8.821487426757812e-06
en, en, 1.0, 8.344650268554688e-06
