Language1, Language2, SimilarityScore, Time
fr, fr, 1.0, 2.8848648071289062e-05
fr, en, 1.0, 1.7404556274414062e-05
en, en, 1.0, 1.4781951904296875e-05
