Language1, Language2, SimilarityScore, Time
fr, fr, 0.0, 2.2649765014648438e-05
fr, en, 0.0, 1.5497207641601562e-05
en, en, 0.0, 1.3113021850585938e-05
