Language1, Language2, SimilarityScore, Time
it, it, 1.0, 3.0994415283203125e-05
it, ru, 0.6666666666666666, 1.3113021850585938e-05
it, union, 0.8571428571428571, 1.1205673217773438e-05
ru, ru, 1.0, 1.0251998901367188e-05
ru, union, 0.8571428571428571, 1.0013580322265625e-05
union, union, 1.0, 1.0013580322265625e-05
