Language1, Language2, SimilarityScore, Time
it, it, 0.0, 1.1920928955078125e-05
it, ru, 0.0, 4.291534423828125e-06
ru, ru, 0.0, 5.7220458984375e-06
