Language1, Language2, SimilarityScore, Time
it, it, 1.0, 1.5020370483398438e-05
it, ru, 1.0, 5.245208740234375e-06
ru, ru, 1.0, 7.152557373046875e-06
