Language1, Language2, SimilarityScore, Time
it, it, 1.0, 3.1948089599609375e-05
it, ru, 0.0, 1.1205673217773438e-05
it, union, 0.5, 8.821487426757812e-06
ru, ru, 1.0, 7.867813110351562e-06
ru, union, 0.5, 7.867813110351562e-06
union, union, 1.0, 7.867813110351562e-06
