Language1, Language2, SimilarityScore, Time
it, it, 0.5, 3.7670135498046875e-05
it, ru, 0.0, 1.3828277587890625e-05
it, union, 0.25, 1.1205673217773438e-05
ru, ru, 0.5, 9.775161743164062e-06
ru, union, 0.25, 9.775161743164062e-06
union, union, 0.5, 9.5367431640625e-06
