Language1, Language2, SimilarityScore, Time
fr, fr, 1.0, 2.193450927734375e-05
fr, de, 1.0, 1.33514404296875e-05
fr, it, 1.0, 1.0728836059570312e-05
fr, en, 1.0, 1.1682510375976562e-05
de, de, 1.0, 6.818771362304688e-05
de, it, 1.0, 1.7881393432617188e-05
de, en, 1.0, 2.193450927734375e-05
it, it, 1.0, 3.123283386230469e-05
it, en, 1.0, 1.430511474609375e-05
en, en, 1.0, 8.273124694824219e-05
