Language1, Language2, SimilarityScore, Time
fr, fr, 1.0, 1.71661376953125e-05
fr, de, 1.0, 1.239776611328125e-05
fr, it, 1.0, 1.0967254638671875e-05
fr, en, 1.0, 1.0967254638671875e-05
de, de, 1.0, 6.175041198730469e-05
de, it, 1.0, 1.811981201171875e-05
de, en, 1.0, 2.1696090698242188e-05
it, it, 1.0, 2.8133392333984375e-05
it, en, 1.0, 1.4066696166992188e-05
en, en, 1.0, 7.62939453125e-05
