Language1, Language2, SimilarityScore, Time
vi, vi, 0.0, 2.09808349609375e-05
vi, de, 0.0, 8.344650268554688e-06
vi, ja, 0.0, 1.33514404296875e-05
vi, en, 0.0, 1.2159347534179688e-05
de, de, 0.0, 1.239776611328125e-05
de, ja, 0.0, 6.4373016357421875e-06
de, en, 0.0, 6.4373016357421875e-06
ja, ja, 0.0, 1.239776611328125e-05
ja, en, 0.0, 1.1444091796875e-05
en, en, 0.0, 1.1682510375976562e-05
