Language1, Language2, SimilarityScore, Time
vi, vi, 1.0, 2.2172927856445312e-05
vi, de, 1.0, 1.0251998901367188e-05
vi, ja, 1.0, 1.1444091796875e-05
vi, en, 1.0, 1.049041748046875e-05
de, de, 1.0, 1.0251998901367188e-05
de, ja, 1.0, 6.67572021484375e-06
de, en, 1.0, 6.67572021484375e-06
ja, ja, 1.0, 9.775161743164062e-06
ja, en, 1.0, 9.775161743164062e-06
en, en, 1.0, 1.0013580322265625e-05
