Language1, Language2, SimilarityScore, Time
vi, vi, 1.0, 1.5735626220703125e-05
vi, de, 0.0, 9.298324584960938e-06
vi, ja, 1.0, 9.775161743164062e-06
vi, en, 1.0, 9.059906005859375e-06
de, de, 1.0, 9.5367431640625e-06
de, ja, 0.0, 6.4373016357421875e-06
de, en, 0.0, 5.9604644775390625e-06
ja, ja, 1.0, 9.5367431640625e-06
ja, en, 1.0, 9.775161743164062e-06
en, en, 1.0, 9.5367431640625e-06
