Language1, Language2, SimilarityScore, Time
pt, pt, 1.0, 5.698204040527344e-05
pt, en, 0.029230769230769234, 4.601478576660156e-05
pt, union, 0.245, 4.6253204345703125e-05
en, en, 1.0, 5.555152893066406e-05
en, union, 0.7842307692307693, 6.031990051269531e-05
union, union, 1.0, 6.4849853515625e-05
