Language1, Language2, SimilarityScore, Time
pt, pt, 1.0, 2.2172927856445312e-05
pt, en, 1.0, 7.62939453125e-06
en, en, 1.0, 4.76837158203125e-05
