Language1, Language2, SimilarityScore, Time
pt, pt, 1.0, 6.556510925292969e-05
pt, en, 0.5145739910313901, 5.602836608886719e-05
pt, union, 0.6224899598393574, 5.3882598876953125e-05
en, en, 1.0, 6.699562072753906e-05
en, union, 0.8921103686139255, 9.298324584960938e-05
union, union, 1.0, 8.320808410644531e-05
