Language1, Language2, SimilarityScore, Time
pt, pt, 1.0, 2.288818359375e-05
pt, en, 1.0, 7.3909759521484375e-06
en, en, 1.0, 4.6253204345703125e-05
