Language1, Language2, SimilarityScore, Time
es, es, 1.0, 6.818771362304688e-05
es, union, 1.0, 1.9073486328125e-05
union, union, 1.0, 1.4543533325195312e-05
