Language1, Language2, SimilarityScore, Time
es, es, 1.0, 7.033348083496094e-05
es, union, 1.0, 2.09808349609375e-05
union, union, 1.0, 1.5735626220703125e-05
