Language1, Language2, SimilarityScore, Time
es, es, 1.0, 0.00021147727966308594
es, union, 1.0, 0.000110626220703125
union, union, 1.0, 0.00010132789611816406
