Language1, Language2, SimilarityScore, Time
es, es, 0.5, 3.361701965332031e-05
es, union, 0.5, 1.1920928955078125e-05
union, union, 0.5, 9.5367431640625e-06
