Language1, Language2, SimilarityScore, Time
es, es, 1.0, 0.0002856254577636719
es, union, 1.0, 0.00012159347534179688
union, union, 1.0, 0.00011229515075683594
