Language1, Language2, SimilarityScore, Time
es, es, 1.0, 2.7179718017578125e-05
es, union, 1.0, 6.67572021484375e-06
union, union, 1.0, 4.76837158203125e-06
