Language1, Language2, SimilarityScore, Time
es, es, 1.0, 3.790855407714844e-05
es, union, 1.0, 1.1920928955078125e-05
union, union, 1.0, 1.049041748046875e-05
