Language1, Language2, SimilarityScore, Time
es, es, 1.0, 6.29425048828125e-05
es, en, 1.0, 2.956390380859375e-05
es, union, 1.0, 1.8596649169921875e-05
en, en, 1.0, 1.6927719116210938e-05
en, union, 1.0, 1.6689300537109375e-05
union, union, 1.0, 1.5974044799804688e-05
