Language1, Language2, SimilarityScore, Time
es, es, 1.0, 7.128715515136719e-05
es, en, 1.0, 2.0742416381835938e-05
es, union, 1.0, 1.8358230590820312e-05
en, en, 1.0, 1.71661376953125e-05
en, union, 1.0, 2.0742416381835938e-05
union, union, 1.0, 1.5974044799804688e-05
