Language1, Language2, SimilarityScore, Time
es, es, 1.0, 0.0002167224884033203
es, en, 1.0, 0.00011110305786132812
en, en, 1.0, 9.560585021972656e-05
