Language1, Language2, SimilarityScore, Time
es, es, 0.5, 3.0994415283203125e-05
es, en, 0.16666666666666666, 9.298324584960938e-06
es, union, 0.5, 6.67572021484375e-06
en, en, 0.5, 5.7220458984375e-06
en, union, 0.16666666666666666, 5.9604644775390625e-06
union, union, 0.5, 5.245208740234375e-06
