Language1, Language2, SimilarityScore, Time
es, es, 1.0, 3.4809112548828125e-05
es, en, 0.8, 1.3589859008789062e-05
es, union, 1.0, 1.0967254638671875e-05
en, en, 1.0, 1.0013580322265625e-05
en, union, 0.8, 9.775161743164062e-06
union, union, 1.0, 9.775161743164062e-06
