Language1, Language2, SimilarityScore, Time
es, es, 1.0, 2.4080276489257812e-05
es, en, 1.0, 1.2874603271484375e-05
en, en, 1.0, 1.1920928955078125e-05
