Language1, Language2, SimilarityScore, Time
es, es, 0.0, 1.8358230590820312e-05
es, en, 0.0, 1.0728836059570312e-05
en, en, 0.0, 9.775161743164062e-06
