Language1, Language2, SimilarityScore, Time
es, es, 3.0, 0.00029540061950683594
es, en, 1.0, 0.00013566017150878906
es, union, 3.0, 0.0001327991485595703
en, en, 1.0, 0.0001270771026611328
en, union, 1.0, 0.0001277923583984375
union, union, 3.0, 0.00014543533325195312
