Language1, Language2, SimilarityScore, Time
pt, pt, 1.0, 6.628036499023438e-05
pt, en, 1.0, 1.7404556274414062e-05
pt, union, 1.0, 1.3589859008789062e-05
en, en, 1.0, 1.239776611328125e-05
en, union, 1.0, 1.239776611328125e-05
union, union, 1.0, 1.1920928955078125e-05
