Language1, Language2, SimilarityScore, Time
pt, pt, 1.0, 6.222724914550781e-05
pt, en, 1.0, 1.8596649169921875e-05
pt, union, 1.0, 1.4781951904296875e-05
en, en, 1.0, 1.3589859008789062e-05
en, union, 1.0, 1.2874603271484375e-05
union, union, 1.0, 1.2636184692382812e-05
