Language1, Language2, SimilarityScore, Time
pt, pt, 1.0, 0.00022745132446289062
pt, en, 1.0, 0.00012063980102539062
en, en, 1.0, 0.0001087188720703125
