Language1, Language2, SimilarityScore, Kernel, Time
pt, pt, 1.0, 1.0225000000000009, 0.0002040863037109375
pt, en, 1.0, 1.0, 7.104873657226562e-05
en, en, 1.0, 1.0225000000000009, 0.00011682510375976562
