Language1, Language2, SimilarityScore, Time
pt, pt, 1.0, 3.5762786865234375e-05
pt, en, 0.3333333333333333, 1.3828277587890625e-05
pt, union, 0.6666666666666666, 1.0967254638671875e-05
en, en, 1.0, 9.5367431640625e-06
en, union, 0.6666666666666666, 9.775161743164062e-06
union, union, 1.0, 9.5367431640625e-06
