Language1, Language2, SimilarityScore, Time
pt, pt, 0.5, 3.4332275390625e-05
pt, en, 0.16666666666666666, 1.33514404296875e-05
pt, union, 0.3333333333333333, 1.0728836059570312e-05
en, en, 0.5, 1.0013580322265625e-05
en, union, 0.3333333333333333, 9.775161743164062e-06
union, union, 0.5, 9.775161743164062e-06
