Language1, Language2, SimilarityScore, Time
pt, pt, 1.0, 4.076957702636719e-05
pt, en, 0.8, 1.3113021850585938e-05
pt, union, 0.9090909090909091, 1.1205673217773438e-05
en, en, 1.0, 1.0013580322265625e-05
en, union, 0.9090909090909091, 9.775161743164062e-06
union, union, 1.0, 9.775161743164062e-06
