Language1, Language2, SimilarityScore, Time
pt, pt, 0.0, 2.1219253540039062e-05
pt, en, 0.0, 1.3589859008789062e-05
en, en, 0.0, 1.1682510375976562e-05
