Language1, Language2, SimilarityScore, Time
pt, pt, 2.0, 0.00022125244140625
pt, en, 1.0, 0.0001227855682373047
pt, union, 2.0, 0.00011277198791503906
en, en, 2.0, 0.00010585784912109375
en, union, 2.0, 0.00010371208190917969
union, union, 3.0, 0.00012969970703125
