Language1, Language2, SimilarityScore, Time
pt, pt, 1.0, 1.6450881958007812e-05
pt, en, 1.0, 1.1682510375976562e-05
en, en, 1.0, 1.0251998901367188e-05
