Language1, Language2, SimilarityScore, Time
pt, pt, 1.0, 2.7179718017578125e-05
pt, en, 1.0, 1.6927719116210938e-05
en, en, 1.0, 1.4781951904296875e-05
