Language1, Language2, SimilarityScore, Time
pt, pt, 0.5, 0.007665395736694336
pt, en, 1.0, 0.00020933151245117188
pt, union, 0.5, 0.00013208389282226562
en, en, 0.5, 0.00012373924255371094
en, union, 0.5, 0.00012087821960449219
union, union, 0.3333333333333333, 0.007229804992675781
