Language1, Language2, SimilarityScore, Time
de, de, 1.0, 4.863739013671875e-05
de, sv, 0.1111111111111111, 1.5974044799804688e-05
de, union, 1.0, 1.9073486328125e-05
sv, sv, 1.0, 7.62939453125e-06
sv, union, 0.1111111111111111, 1.2874603271484375e-05
union, union, 1.0, 1.9311904907226562e-05
