Language1, Language2, SimilarityScore, Time
de, de, 1.0, 5.435943603515625e-05
de, sv, 0.5263157894736842, 1.8835067749023438e-05
de, union, 1.0, 2.288818359375e-05
sv, sv, 1.0, 1.4066696166992188e-05
sv, union, 0.5263157894736842, 1.5735626220703125e-05
union, union, 1.0, 2.1457672119140625e-05
