Language1, Language2, SimilarityScore, Time
pt, pt, 1.0, 7.05718994140625e-05
pt, en, 1.0, 1.9073486328125e-05
pt, sv, 1.0, 1.52587890625e-05
pt, union, 1.0, 1.4781951904296875e-05
en, en, 1.0, 1.430511474609375e-05
en, sv, 1.0, 1.4781951904296875e-05
en, union, 1.0, 1.430511474609375e-05
sv, sv, 1.0, 1.430511474609375e-05
sv, union, 1.0, 1.4066696166992188e-05
union, union, 1.0, 1.3828277587890625e-05
