Language1, Language2, SimilarityScore, Time
pt, pt, 1.0, 6.008148193359375e-05
pt, en, 1.0, 1.71661376953125e-05
pt, sv, 1.0, 1.33514404296875e-05
pt, union, 1.0, 1.239776611328125e-05
en, en, 1.0, 1.239776611328125e-05
en, sv, 1.0, 1.239776611328125e-05
en, union, 1.0, 1.1682510375976562e-05
sv, sv, 1.0, 1.2159347534179688e-05
sv, union, 1.0, 1.1444091796875e-05
union, union, 1.0, 1.1444091796875e-05
