Language1, Language2, SimilarityScore, Time
pt, pt, 1.0, 1.52587890625e-05
pt, en, 1.0, 9.5367431640625e-06
pt, sv, 0.0, 8.106231689453125e-06
en, en, 1.0, 9.5367431640625e-06
en, sv, 0.0, 5.7220458984375e-06
sv, sv, 1.0, 9.5367431640625e-06
