Language1, Language2, SimilarityScore, Time
pt, pt, 1.0, 2.3603439331054688e-05
pt, en, 1.0, 1.430511474609375e-05
pt, sv, 1.0, 7.62939453125e-06
en, en, 1.0, 1.049041748046875e-05
en, sv, 1.0, 7.3909759521484375e-06
sv, sv, 1.0, 4.1484832763671875e-05
