Language1, Language2, SimilarityScore, Time
pt, pt, 1.0, 0.00027441978454589844
pt, en, 1.0, 0.00011777877807617188
pt, sv, 0.0, 4.076957702636719e-05
pt, union, 1.0, 0.00010275840759277344
en, en, 0.5, 0.0036411285400390625
en, sv, 0.0, 8.296966552734375e-05
en, union, 0.5, 0.00016880035400390625
sv, sv, 1.0, 0.00011014938354492188
sv, union, 1.0, 0.000102996826171875
union, union, 0.3333333333333333, 0.011425256729125977
