Language1, Language2, SimilarityScore, Time
pt, pt, 1.0, 0.00026679039001464844
pt, en, 1.0, 0.00011610984802246094
pt, sv, 0.0, 3.790855407714844e-05
pt, union, 1.0, 9.393692016601562e-05
en, en, 2.0, 0.00012540817260742188
en, sv, 0.0, 3.6716461181640625e-05
en, union, 2.0, 9.655952453613281e-05
sv, sv, 1.0, 9.775161743164062e-05
sv, union, 1.0, 9.441375732421875e-05
union, union, 3.0, 0.0001418590545654297
