Language1, Language2, SimilarityScore, Time
pt, pt, 1.0, 3.7670135498046875e-05
pt, en, 0.8571428571428571, 1.3589859008789062e-05
pt, sv, 0.6666666666666666, 1.0967254638671875e-05
pt, union, 0.8, 1.0728836059570312e-05
en, en, 1.0, 1.0013580322265625e-05
en, sv, 0.6666666666666666, 9.5367431640625e-06
en, union, 0.9090909090909091, 1.0013580322265625e-05
sv, sv, 1.0, 9.5367431640625e-06
sv, union, 0.8, 1.0013580322265625e-05
union, union, 1.0, 9.775161743164062e-06
