Language1, Language2, SimilarityScore, Time
id, id, 1.0, 4.291534423828125e-05
id, fr, 1.0, 1.2636184692382812e-05
id, union, 1.0, 9.059906005859375e-06
fr, fr, 1.0, 8.344650268554688e-06
fr, union, 1.0, 7.867813110351562e-06
union, union, 1.0, 7.3909759521484375e-06
