Language1, Language2, SimilarityScore, Time
id, id, 1.0, 6.866455078125e-05
id, fr, 1.0, 1.9073486328125e-05
id, union, 1.0, 1.4066696166992188e-05
fr, fr, 1.0, 1.3113021850585938e-05
fr, union, 1.0, 1.3828277587890625e-05
union, union, 1.0, 1.2874603271484375e-05
