Language1, Language2, SimilarityScore, Time
id, id, 1.0, 0.00020456314086914062
id, fr, 0.0, 0.00020456314086914062
fr, fr, 1.0, 0.00010132789611816406
