Language1, Language2, SimilarityScore, Time
id, id, 0.0, 1.9311904907226562e-05
id, fr, 0.0, 6.67572021484375e-06
fr, fr, 0.0, 1.0728836059570312e-05
