Language1, Language2, SimilarityScore, Time
id, id, 1.0, 0.0002677440643310547
id, fr, 0.0, 4.57763671875e-05
id, union, 1.0, 0.00011467933654785156
fr, fr, 1.0, 0.00011372566223144531
fr, union, 1.0, 0.00011324882507324219
union, union, 0.5, 0.000125885009765625
