Language1, Language2, SimilarityScore, Time
id, id, 1.0, 0.0002963542938232422
id, fr, 0.0, 5.6743621826171875e-05
id, union, 1.0, 0.00012540817260742188
fr, fr, 1.0, 0.00010752677917480469
fr, union, 1.0, 0.00010943412780761719
union, union, 2.0, 0.0001227855682373047
