Language1, Language2, SimilarityScore, Time
id, id, 1.0, 2.0265579223632812e-05
id, fr, 1.0, 8.821487426757812e-06
fr, fr, 1.0, 1.2159347534179688e-05
