Language1, Language2, SimilarityScore, Time
id, id, 1.0, 2.0503997802734375e-05
id, fr, 0.0, 1.1444091796875e-05
fr, fr, 1.0, 1.2636184692382812e-05
