Language1, Language2, SimilarityScore, Time
id, id, 1.0, 3.8623809814453125e-05
id, fr, 0.6666666666666666, 1.33514404296875e-05
id, union, 0.8571428571428571, 1.0251998901367188e-05
fr, fr, 1.0, 9.059906005859375e-06
fr, union, 0.8571428571428571, 1.0013580322265625e-05
union, union, 1.0, 9.298324584960938e-06
