Language1, Language2, SimilarityScore, Time
id, id, 1.0, 3.5762786865234375e-05
id, fr, 0.0, 1.3828277587890625e-05
id, union, 0.5, 1.1205673217773438e-05
fr, fr, 1.0, 1.0728836059570312e-05
fr, union, 0.5, 1.049041748046875e-05
union, union, 1.0, 1.0967254638671875e-05
