Language1, Language2, SimilarityScore, Kernel, Time
en, en, 1.0, 1.3580498866213162, 0.0010790824890136719
