Language1, Language2, SimilarityScore, Time
en, en, 1.0, 5.91278076171875e-05
en, union, 1.0, 3.075599670410156e-05
union, union, 1.0, 2.7418136596679688e-05
