Language1, Language2, SimilarityScore, Time
en, en, 1.0, 6.818771362304688e-05
en, union, 1.0, 3.504753112792969e-05
union, union, 1.0, 3.0994415283203125e-05
