Language1, Language2, SimilarityScore, Time
en, en, 1.0, 6.341934204101562e-05
en, union, 1.0, 3.600120544433594e-05
union, union, 1.0, 3.552436828613281e-05
