Language1, Language2, SimilarityScore, Time
de, de, 1.0, 6.651878356933594e-05
de, pt, 1.0, 1.5735626220703125e-05
de, en, 1.0, 1.9788742065429688e-05
de, ru, 0.0, 8.106231689453125e-06
pt, pt, 1.0, 3.814697265625e-05
pt, en, 1.0, 1.9788742065429688e-05
pt, ru, 0.0, 6.9141387939453125e-06
en, en, 1.0, 9.822845458984375e-05
en, ru, 0.0, 7.3909759521484375e-06
ru, ru, 0.0, 5.9604644775390625e-06
