Language1, Language2, SimilarityScore, Time
de, de, 1.0, 6.556510925292969e-05
de, pt, 1.0, 1.6450881958007812e-05
de, en, 1.0, 2.09808349609375e-05
de, ru, 1.0, 9.059906005859375e-06
pt, pt, 1.0, 3.910064697265625e-05
pt, en, 1.0, 2.0503997802734375e-05
pt, ru, 1.0, 7.62939453125e-06
en, en, 1.0, 9.799003601074219e-05
en, ru, 1.0, 8.344650268554688e-06
ru, ru, 1.0, 6.9141387939453125e-06
