Language1, Language2, SimilarityScore, Time
de, de, 1.0, 6.508827209472656e-05
de, pt, 1.0, 1.4781951904296875e-05
de, en, 1.0, 1.9788742065429688e-05
de, ru, 1.0, 5.9604644775390625e-06
pt, pt, 1.0, 3.6716461181640625e-05
pt, en, 1.0, 2.09808349609375e-05
pt, ru, 1.0, 6.9141387939453125e-06
en, en, 1.0, 9.799003601074219e-05
en, ru, 1.0, 7.3909759521484375e-06
ru, ru, 1.0, 6.198883056640625e-06
