Language1, Language2, SimilarityScore, Time
nl, nl, 1.0, 0.00022983551025390625
nl, ja, 1.0, 0.00011229515075683594
nl, en, 1.0, 0.00010228157043457031
nl, zh, 1.0, 0.00010013580322265625
ja, ja, 1.0, 9.72747802734375e-05
ja, en, 1.0, 9.918212890625e-05
ja, zh, 1.0, 9.799003601074219e-05
en, en, 1.0, 0.00010061264038085938
en, zh, 1.0, 9.918212890625e-05
zh, zh, 1.0, 9.822845458984375e-05
