Language1, Language2, SimilarityScore, Kernel, Time
nl, nl, 1.0, 1.0, 0.0001552104949951172
nl, ja, 1.0, 1.0, 8.153915405273438e-05
nl, en, 1.0, 1.0, 7.081031799316406e-05
nl, zh, 1.0, 1.0, 6.914138793945312e-05
ja, ja, 1.0, 1.0, 6.604194641113281e-05
ja, en, 1.0, 1.0, 6.604194641113281e-05
ja, zh, 1.0, 1.0, 7.367134094238281e-05
en, en, 1.0, 1.0, 6.103515625e-05
en, zh, 1.0, 1.0, 6.079673767089844e-05
zh, zh, 1.0, 1.0, 6.103515625e-05
