Language1, Language2, SimilarityScore, Time
nl, nl, 1.0, 2.7894973754882812e-05
nl, ja, 1.0, 1.6927719116210938e-05
nl, en, 1.0, 1.52587890625e-05
nl, zh, 1.0, 1.4543533325195312e-05
ja, ja, 1.0, 1.3828277587890625e-05
ja, en, 1.0, 1.3589859008789062e-05
ja, zh, 1.0, 1.3828277587890625e-05
en, en, 1.0, 1.3828277587890625e-05
en, zh, 1.0, 1.4066696166992188e-05
zh, zh, 1.0, 1.3828277587890625e-05
