Language1, Language2, SimilarityScore, Time
nl, nl, 0.0, 2.193450927734375e-05
nl, ja, 0.0, 1.3589859008789062e-05
nl, en, 0.0, 1.239776611328125e-05
nl, zh, 0.0, 1.1920928955078125e-05
ja, ja, 0.0, 1.1920928955078125e-05
ja, en, 0.0, 1.1682510375976562e-05
ja, zh, 0.0, 1.1205673217773438e-05
en, en, 0.0, 1.1682510375976562e-05
en, zh, 0.0, 1.239776611328125e-05
zh, zh, 0.0, 1.239776611328125e-05
