Language1, Language2, SimilarityScore, Time
nl, nl, 1.0, 1.9788742065429688e-05
nl, ja, 1.0, 1.33514404296875e-05
nl, en, 1.0, 1.1920928955078125e-05
nl, zh, 1.0, 1.1444091796875e-05
ja, ja, 1.0, 1.0967254638671875e-05
ja, en, 1.0, 1.0967254638671875e-05
ja, zh, 1.0, 1.0967254638671875e-05
en, en, 1.0, 1.0728836059570312e-05
en, zh, 1.0, 1.1682510375976562e-05
zh, zh, 1.0, 1.1682510375976562e-05
