Language1, Language2, SimilarityScore, Time
fr, fr, 0.5, 2.9802322387695312e-05
fr, en, 0.5, 1.239776611328125e-05
fr, union, 0.5, 1.049041748046875e-05
en, en, 0.5, 9.775161743164062e-06
en, union, 0.5, 9.5367431640625e-06
union, union, 0.5, 9.298324584960938e-06
