Language1, Language2, SimilarityScore, Time
fr, fr, 0.0, 1.2159347534179688e-05
fr, en, 0.0, 6.4373016357421875e-06
en, en, 0.0, 5.7220458984375e-06
