Language1, Language2, SimilarityScore, Time
fr, fr, 1.0, 3.361701965332031e-05
fr, en, 1.0, 1.2159347534179688e-05
fr, union, 1.0, 1.0251998901367188e-05
en, en, 1.0, 9.5367431640625e-06
en, union, 1.0, 8.821487426757812e-06
union, union, 1.0, 9.775161743164062e-06
