Language1, Language2, SimilarityScore, Time
fr, fr, 1.0, 1.5020370483398438e-05
fr, en, 1.0, 7.62939453125e-06
en, en, 1.0, 6.67572021484375e-06
