Language1, Language2, SimilarityScore, Time
fr, fr, 1.0, 4.00543212890625e-05
fr, en, 1.0, 1.3589859008789062e-05
fr, union, 1.0, 1.9550323486328125e-05
en, en, 1.0, 1.0013580322265625e-05
en, union, 1.0, 9.5367431640625e-06
union, union, 1.0, 9.5367431640625e-06
