Language1, Language2, SimilarityScore, Time
fr, fr, 1.0, 0.0002529621124267578
fr, de, 0.0, 0.0002529621124267578
fr, ml, 0.0, 0.0002529621124267578
fr, pt, 0.0, 0.0002529621124267578
de, de, 1.0, 0.00018286705017089844
de, ml, 0.0, 0.00018286705017089844
de, pt, 0.0, 0.00018286705017089844
ml, ml, 1.0, 0.00018310546875
ml, pt, 0.0, 0.00018310546875
pt, pt, 1.0, 0.00014328956604003906
