Language1, Language2, SimilarityScore, Time
fr, fr, 0.0, 2.2411346435546875e-05
fr, de, 0.0, 8.344650268554688e-06
fr, ml, 0.0, 6.4373016357421875e-06
fr, pt, 0.0, 6.198883056640625e-06
de, de, 0.0, 1.2636184692382812e-05
de, ml, 0.0, 6.4373016357421875e-06
de, pt, 0.0, 5.9604644775390625e-06
ml, ml, 0.0, 1.2874603271484375e-05
ml, pt, 0.0, 5.9604644775390625e-06
pt, pt, 0.0, 1.1920928955078125e-05
