Language1, Language2, SimilarityScore, Time
fr, fr, 1.0, 1.5735626220703125e-05
fr, de, 0.0, 9.298324584960938e-06
fr, ml, 0.0, 5.9604644775390625e-06
fr, pt, 0.0, 5.7220458984375e-06
de, de, 1.0, 9.5367431640625e-06
de, ml, 0.0, 5.7220458984375e-06
de, pt, 0.0, 5.4836273193359375e-06
ml, ml, 1.0, 8.821487426757812e-06
ml, pt, 0.0, 5.4836273193359375e-06
pt, pt, 1.0, 9.298324584960938e-06
