Language1, Language2, SimilarityScore, Time
fr, fr, 1.0, 2.3365020751953125e-05
fr, de, 1.0, 1.0013580322265625e-05
fr, ml, 1.0, 8.106231689453125e-06
fr, pt, 1.0, 7.867813110351562e-06
de, de, 1.0, 1.33514404296875e-05
de, ml, 1.0, 7.867813110351562e-06
de, pt, 1.0, 2.09808349609375e-05
ml, ml, 1.0, 1.239776611328125e-05
ml, pt, 1.0, 7.3909759521484375e-06
pt, pt, 1.0, 1.1682510375976562e-05
