Language1, Language2, SimilarityScore, Time
zh, zh, 1.0, 3.123283386230469e-05
zh, union, 1.0, 9.775161743164062e-06
union, union, 1.0, 7.867813110351562e-06
