Language1, Language2, SimilarityScore, Time
zh, zh, 0.5, 3.6716461181640625e-05
zh, union, 0.5, 1.2159347534179688e-05
union, union, 0.5, 1.0013580322265625e-05
