Language1, Language2, SimilarityScore, Time
zh, zh, 1.0, 3.552436828613281e-05
zh, union, 1.0, 1.239776611328125e-05
union, union, 1.0, 9.775161743164062e-06
