Language1, Language2, SimilarityScore, Time
es, es, 1.0, 0.00021696090698242188
es, en, 1.0, 0.00010442733764648438
en, en, 1.0, 9.775161743164062e-05
