Language1, Language2, SimilarityScore, Time
es, es, 1.0, 6.699562072753906e-05
es, en, 1.0, 1.5735626220703125e-05
es, union, 1.0, 1.3589859008789062e-05
en, en, 1.0, 1.2159347534179688e-05
en, union, 1.0, 1.3113021850585938e-05
union, union, 1.0, 1.1682510375976562e-05
