Language1, Language2, SimilarityScore, Time
es, es, 1.0, 2.09808349609375e-05
es, en, 1.0, 1.239776611328125e-05
en, en, 1.0, 1.1682510375976562e-05
