Language1, Language2, SimilarityScore, Time
es, es, 0.5, 0.011306524276733398
es, en, 0.5, 0.0002281665802001953
es, union, 0.5, 0.00012993812561035156
en, en, 0.5, 0.0001227855682373047
en, union, 0.5, 0.0001239776611328125
union, union, 0.5, 0.00011777877807617188
