Language1, Language2, SimilarityScore, Time
es, es, 0.5, 3.3855438232421875e-05
es, en, 0.5, 1.3589859008789062e-05
es, union, 0.5, 1.1205673217773438e-05
en, en, 0.5, 1.0013580322265625e-05
en, union, 0.5, 1.0251998901367188e-05
union, union, 0.5, 9.775161743164062e-06
