Language1, Language2, SimilarityScore, Time
es, es, 1.0, 3.790855407714844e-05
es, en, 1.0, 1.52587890625e-05
es, union, 1.0, 1.33514404296875e-05
en, en, 1.0, 1.2159347534179688e-05
en, union, 1.0, 1.239776611328125e-05
union, union, 1.0, 1.1682510375976562e-05
