Language1, Language2, SimilarityScore, Time
es, es, 1.0, 4.100799560546875e-05
es, en, 1.0, 1.5735626220703125e-05
es, union, 1.0, 1.4066696166992188e-05
en, en, 1.0, 1.0728836059570312e-05
en, union, 1.0, 1.1444091796875e-05
union, union, 1.0, 1.1205673217773438e-05
