Language1, Language2, SimilarityScore, Time
pl, pl, 1.0, 7.05718994140625e-05
pl, en, 1.0, 2.1457672119140625e-05
pl, union, 1.0, 1.7881393432617188e-05
en, en, 1.0, 1.621246337890625e-05
en, union, 1.0, 1.5735626220703125e-05
union, union, 1.0, 1.5020370483398438e-05
