Language1, Language2, SimilarityScore, Time
pl, pl, 1.0, 0.00020551681518554688
pl, en, 1.0, 0.00010704994201660156
en, en, 1.0, 0.00010275840759277344
