Language1, Language2, SimilarityScore, Time
pl, pl, 1.0, 2.09808349609375e-05
pl, en, 1.0, 1.2636184692382812e-05
en, en, 1.0, 1.1682510375976562e-05
