Language1, Language2, SimilarityScore, Time
pl, pl, 1.0, 0.0002644062042236328
pl, en, 1.0, 0.00011754035949707031
pl, union, 1.0, 0.00010943412780761719
en, en, 1.0, 0.00010395050048828125
en, union, 1.0, 0.00010371208190917969
union, union, 1.0, 0.00010156631469726562
