Language1, Language2, SimilarityScore, Time
pl, pl, 0.5, 3.6716461181640625e-05
pl, en, 0.5, 1.4543533325195312e-05
pl, union, 0.5, 1.1205673217773438e-05
en, en, 0.5, 1.0013580322265625e-05
en, union, 0.5, 9.298324584960938e-06
union, union, 0.5, 9.059906005859375e-06
