Language1, Language2, SimilarityScore, Time
pl, pl, 1.0, 1.71661376953125e-05
pl, en, 1.0, 1.049041748046875e-05
en, en, 1.0, 9.775161743164062e-06
