Language1, Language2, SimilarityScore, Time
pl, pl, 0.0, 1.71661376953125e-05
pl, en, 0.0, 1.0251998901367188e-05
en, en, 0.0, 9.059906005859375e-06
