Language1, Language2, SimilarityScore, Time
pl, pl, 1.0, 0.00023365020751953125
pl, en, 1.0, 0.0001125335693359375
pl, union, 1.0, 0.00010538101196289062
en, en, 1.0, 0.0001010894775390625
en, union, 1.0, 9.870529174804688e-05
union, union, 1.0, 9.632110595703125e-05
