Language1, Language2, SimilarityScore, Time
pl, pl, 1.0, 3.814697265625e-05
pl, en, 1.0, 1.3828277587890625e-05
pl, union, 1.0, 1.0967254638671875e-05
en, en, 1.0, 9.775161743164062e-06
en, union, 1.0, 9.5367431640625e-06
union, union, 1.0, 9.5367431640625e-06
