Language1, Language2, SimilarityScore, Time
es, es, 1.0, 6.604194641113281e-05
es, union, 1.0, 2.0265579223632812e-05
union, union, 1.0, 1.4781951904296875e-05
