Language1, Language2, SimilarityScore, Kernel, Time
es, es, 1.0, 1.0225000000000009, 0.0001819133758544922
