Language1, Language2, SimilarityScore, Time
es, es, 1.0, 5.6743621826171875e-05
es, union, 1.0, 1.6689300537109375e-05
union, union, 1.0, 1.2636184692382812e-05
