Language1, Language2, SimilarityScore, Time
es, es, 0.5, 0.0005176067352294922
es, union, 0.5, 0.0001556873321533203
union, union, 0.5, 0.00011754035949707031
