Language1, Language2, SimilarityScore, Time
es, es, 1.0, 3.933906555175781e-05
es, union, 1.0, 1.33514404296875e-05
union, union, 1.0, 9.5367431640625e-06
