Language1, Language2, SimilarityScore, Time
es, es, 2.0, 0.0002865791320800781
es, union, 2.0, 0.0001277923583984375
union, union, 2.0, 0.00011420249938964844
